"Host","Host_Upham"
"addax nasomaculatus","Addax nasomaculatus"
"aepyceros melampus","Aepyceros melampus"
"alcelaphus buselaphus","Alcelaphus buselaphus"
"alces alces","Alces alces"
"alces americanus","Alces americanus"
"ammotragus lervia","Ammotragus lervia"
"antidorcas marsupialis","Antidorcas marsupialis"
"antilocapra americana","Antilocapra americana"
"antilope cervicapra","Antilope cervicapra"
"axis axis","Axis axis"
"axis porcinus","Axis porcinus"
"babyrousa babyrussa","Babyrousa babyrussa"
"balaena mysticetus","Balaena mysticetus"
"balaenoptera acutorostrata","Balaenoptera acutorostrata"
"balaenoptera borealis","Balaenoptera borealis"
"balaenoptera physalus","Balaenoptera physalus"
"beatragus hunteri","Beatragus hunteri"
"bison bison","Bison bison"
"bison bonasus","Bison bonasus"
"blastocerus dichotomus","Blastocerus dichotomus"
"bos frontalis","Bos frontalis"
"bos gaurus","Bos gaurus"
"bos grunniens","Bos grunniens"
"bos indicus","Bos indicus"
"bos javanicus","Bos javanicus"
"bos mutus","Bos mutus"
"bos primigenius","Bos primigenius"
"bos taurus","Bos taurus"
"boselaphus tragocamelus","Boselaphus tragocamelus"
"bubalus bubalis","Bubalus arnee"
"bubalus carabanensis","Bubalus arnee"
"budorcas taxicolor","Budorcas taxicolor"
"camelus bactrianus","Camelus bactrianus"
"camelus dromedarius","Camelus dromedarius"
"capra aegagrus","Capra aegagrus"
"capra caucasica","Capra caucasica"
"capra hircus","Capra hircus"
"capra ibex","Capra ibex"
"capra nubiana","Capra nubiana"
"capra pyrenaica","Capra pyrenaica"
"capreolus capreolus","Capreolus capreolus"
"capricornis crispus","Capricornis crispus"
"capricornis sumatraensis","Capricornis sumatraensis"
"cephalophus callipygus","Cephalophus callipygus"
"cephalophus dorsalis","Cephalophus dorsalis"
"cephalophus leucogaster","Cephalophus leucogaster"
"cephalophus niger","Cephalophus niger"
"cephalophus nigrifrons","Cephalophus nigrifrons"
"cephalophus rufilatus","Cephalophus rufilatus"
"cephalophus silvicultor","Cephalophus silvicultor"
"cephalophus weynsi","Cephalophus weynsi"
"cephalophus zebra","Cephalophus zebra"
"cervus elaphus","Cervus elaphus"
"cervus nippon","Cervus nippon"
"connochaetes gnou","Connochaetes gnou"
"connochaetes taurinus","Connochaetes taurinus"
"dama dama","Dama dama"
"damaliscus lunatus","Damaliscus lunatus"
"damaliscus pygargus","Damaliscus pygargus"
"delphinapterus leucas","Delphinapterus leucas"
"delphinus capensis","Delphinus capensis"
"delphinus delphis","Delphinus delphis"
"elaphodus cephalophus","Elaphodus cephalophus"
"elaphurus davidianus","Elaphurus davidianus"
"eschrichtius robustus","Eschrichtius robustus"
"eudorcas thomsonii","Eudorcas thomsonii"
"feresa attenuata","Feresa attenuata"
"gazella dorcas","Gazella dorcas"
"gazella gazella","Gazella gazella"
"gazella subgutturosa","Gazella subgutturosa"
"giraffa camelopardalis","Giraffa camelopardalis"
"globicephala macrorhynchus","Globicephala macrorhynchus"
"globicephala melas","Globicephala melas"
"grampus griseus","Grampus griseus"
"hemitragus jemlahicus","Hemitragus jemlahicus"
"hexaprotodon liberiensis","Choeropsis liberiensis"
"hippopotamus amphibius","Hippopotamus amphibius"
"hippotragus equinus","Hippotragus equinus"
"hippotragus niger","Hippotragus niger"
"hydropotes inermis","Hydropotes inermis"
"hylochoerus meinertzhageni","Hylochoerus meinertzhageni"
"indopacetus pacificus","Indopacetus pacificus"
"kobus ellipsiprymnus","Kobus ellipsiprymnus"
"kobus kob","Kobus kob"
"kobus leche","Kobus leche"
"kobus megaceros","Kobus megaceros"
"kogia breviceps","Kogia breviceps"
"lagenodelphis hosei","Lagenodelphis hosei"
"lagenorhynchus acutus","Lagenorhynchus acutus"
"lagenorhynchus albirostris","Lagenorhynchus albirostris"
"lagenorhynchus obliquidens","Lagenorhynchus obliquidens"
"lagenorhynchus obscurus","Lagenorhynchus obscurus"
"lama glama","Lama glama"
"lama guanicoe","Lama guanicoe"
"litocranius walleri","Litocranius walleri"
"madoqua kirkii","Madoqua kirkii"
"madoqua saltiana","Madoqua saltiana"
"mazama americana","Mazama americana"
"mazama gouazoupira","Mazama gouazoubira"
"mazama nana","Mazama nana"
"muntiacus muntjak","Muntiacus muntjak"
"muntiacus reevesi","Muntiacus reevesi"
"nanger granti","Nanger granti"
"odocoileus hemionus","Odocoileus hemionus"
"odocoileus virginianus","Odocoileus virginianus"
"okapia johnstoni","Okapia johnstoni"
"orcinus orca","Orcinus orca"
"oreamnos americanus","Oreamnos americanus"
"oreotragus oreotragus","Oreotragus oreotragus"
"oryx beisa","Oryx beisa"
"oryx dammah","Oryx dammah"
"oryx gazella","Oryx gazella"
"oryx leucoryx","Oryx leucoryx"
"ourebia ourebi","Ourebia ourebi"
"ovibos moschatus","Ovibos moschatus"
"ovis ammon","Ovis ammon"
"ovis aries","Ovis aries"
"ovis canadensis","Ovis canadensis"
"ovis dalli","Ovis dalli"
"ovis orientalis","Ovis orientalis"
"ozotoceros bezoarticus","Ozotoceros bezoarticus"
"pecari tajacu","Pecari tajacu"
"peponocephala electra","Peponocephala electra"
"phacochoerus aethiopicus","Phacochoerus aethiopicus"
"phacochoerus africanus","Phacochoerus africanus"
"philantomba maxwellii","Philantomba maxwellii"
"philantomba monticola","Philantomba monticola"
"phocoena phocoena","Phocoena phocoena"
"phocoena spinipinnis","Phocoena spinipinnis"
"phocoenoides dalli","Phocoenoides dalli"
"physeter catodon","Physeter macrocephalus"
"porcula salvania","Porcula salvania"
"potamochoerus larvatus","Potamochoerus larvatus"
"potamochoerus porcus","Potamochoerus porcus"
"procapra gutturosa","Procapra gutturosa"
"pseudois nayaur","Pseudois nayaur"
"pseudorca crassidens","Pseudorca crassidens"
"pudu puda","Pudu puda"
"rangifer tarandus","Rangifer tarandus"
"raphicerus campestris","Raphicerus campestris"
"raphicerus sharpei","Raphicerus sharpei"
"redunca arundinum","Redunca arundinum"
"redunca fulvorufula","Redunca fulvorufula"
"redunca redunca","Redunca redunca"
"rucervus duvaucelii","Rucervus duvaucelii"
"rupicapra pyrenaica","Rupicapra pyrenaica"
"rupicapra rupicapra","Rupicapra rupicapra"
"rusa alfredi","Rusa alfredi"
"rusa timorensis","Rusa timorensis"
"rusa unicolor","Rusa unicolor"
"saiga tatarica","Saiga tatarica"
"sotalia guianensis","Sotalia guianensis"
"stenella coeruleoalba","Stenella coeruleoalba"
"stenella frontalis","Stenella frontalis"
"sus barbatus","Sus barbatus"
"sus celebensis","Sus celebensis"
"sus scrofa","Sus scrofa"
"sus verrucosus","Sus verrucosus"
"sylvicapra grimmia","Sylvicapra grimmia"
"syncerus caffer","Syncerus caffer"
"tragelaphus angasii","Tragelaphus angasii"
"tragelaphus eurycerus","Tragelaphus eurycerus"
"tragelaphus imberbis","Tragelaphus imberbis"
"tragelaphus oryx","Tragelaphus oryx"
"tragelaphus scriptus","Tragelaphus scriptus"
"tragelaphus spekii","Tragelaphus spekii"
"tragelaphus strepsiceros","Tragelaphus strepsiceros"
"tragulus javanicus","Tragulus javanicus"
"tursiops aduncus","Tursiops aduncus"
"tursiops truncatus","Tursiops truncatus"
"vicugna pacos","Vicugna pacos"
"vicugna vicugna","Vicugna vicugna"
"acinonyx jubatus","Acinonyx jubatus"
"ailuropoda melanoleuca","Ailuropoda melanoleuca"
"ailurus fulgens","Ailurus fulgens"
"arctocephalus australis","Arctocephalus australis"
"arctocephalus forsteri","Arctocephalus forsteri"
"arctocephalus galapagoensis","Arctocephalus galapagoensis"
"atilax paludinosus","Atilax paludinosus"
"bassaricyon gabbii","Bassaricyon gabbii"
"bassariscus astutus","Bassariscus astutus"
"callorhinus ursinus","Callorhinus ursinus"
"canis adustus","Canis adustus"
"canis aureus","Canis aureus"
"canis latrans","Canis latrans"
"canis lupus","Canis lupus"
"canis mesomelas","Canis mesomelas"
"canis simensis","Canis simensis"
"caracal caracal","Caracal caracal"
"cerdocyon thous","Cerdocyon thous"
"chrotogale owstoni","Chrotogale owstoni"
"chrysocyon brachyurus","Chrysocyon brachyurus"
"civettictis civetta","Civettictis civetta"
"crocuta crocuta","Crocuta crocuta"
"cynictis penicillata","Cynictis penicillata"
"cystophora cristata","Cystophora cristata"
"eira barbara","Eira barbara"
"enhydra lutris","Enhydra lutris"
"erignathus barbatus","Erignathus barbatus"
"eumetopias jubatus","Eumetopias jubatus"
"felis catus","Felis catus"
"felis margarita","Felis margarita"
"felis nigripes","Felis nigripes"
"felis silvestris","Felis silvestris"
"galerella pulverulenta","Herpestes pulverulentus"
"galerella sanguinea","Herpestes sanguineus"
"galictis cuja","Galictis cuja"
"genetta genetta","Genetta genetta"
"genetta maculata","Genetta maculata"
"genetta tigrina","Genetta tigrina"
"gulo gulo","Gulo gulo"
"halichoerus grypus","Halichoerus grypus"
"helarctos malayanus","Helarctos malayanus"
"herpestes edwardsii","Herpestes edwardsii"
"herpestes ichneumon","Herpestes ichneumon"
"hyaena hyaena","Hyaena hyaena"
"hydrurga leptonyx","Hydrurga leptonyx"
"ichneumia albicauda","Ichneumia albicauda"
"leopardus colocolo","Leopardus colocolo"
"leopardus geoffroyi","Leopardus geoffroyi"
"leopardus pardalis","Leopardus pardalis"
"leopardus tigrinus","Leopardus tigrinus"
"leopardus wiedii","Leopardus wiedii"
"leptailurus serval","Leptailurus serval"
"leptonychotes weddellii","Leptonychotes weddellii"
"lobodon carcinophaga","Lobodon carcinophaga"
"lontra canadensis","Lontra canadensis"
"lutra lutra","Lutra lutra"
"lycalopex culpaeus","Pseudalopex culpaeus"
"lycalopex griseus","Pseudalopex griseus"
"lycalopex gymnocercus","Pseudalopex gymnocercus"
"lycalopex vetulus","Pseudalopex vetulus"
"lycaon pictus","Lycaon pictus"
"lynx canadensis","Lynx canadensis"
"lynx lynx","Lynx lynx"
"lynx pardinus","Lynx pardinus"
"lynx rufus","Lynx rufus"
"martes foina","Martes foina"
"martes martes","Martes martes"
"martes melampus","Martes melampus"
"martes pennanti","Martes pennanti"
"meles meles","Meles meles"
"mellivora capensis","Mellivora capensis"
"melogale moschata","Melogale moschata"
"mephitis macroura","Mephitis macroura"
"mephitis mephitis","Mephitis mephitis"
"mirounga angustirostris","Mirounga angustirostris"
"mirounga leonina","Mirounga leonina"
"monachus monachus","Monachus monachus"
"mungos mungo","Mungos mungo"
"mustela erminea","Mustela erminea"
"mustela frenata","Mustela frenata"
"mustela lutreola","Mustela lutreola"
"mustela nigripes","Mustela nigripes"
"mustela nivalis","Mustela nivalis"
"mustela putorius","Mustela putorius"
"mustela sibirica","Mustela sibirica"
"nasua narica","Nasua narica"
"nasua nasua","Nasua nasua"
"neofelis nebulosa","Neofelis nebulosa"
"neomonachus schauinslandi","Neomonachus schauinslandi"
"neovison vison","Neovison vison"
"nyctereutes procyonoides","Nyctereutes procyonoides"
"odobenus rosmarus","Odobenus rosmarus"
"otocolobus manul","Otocolobus manul"
"otocyon megalotis","Otocyon megalotis"
"paguma larvata","Paguma larvata"
"panthera leo","Panthera leo"
"panthera onca","Panthera onca"
"panthera pardus","Panthera pardus"
"panthera tigris","Panthera tigris"
"panthera uncia","Panthera uncia"
"paradoxurus hermaphroditus","Paradoxurus hermaphroditus"
"paradoxurus zeylonensis","Paradoxurus zeylonensis"
"phoca fasciata","Histriophoca fasciata"
"phoca groenlandica","Pagophilus groenlandicus"
"phoca largha","Phoca largha"
"phoca vitulina","Phoca vitulina"
"phocarctos hookeri","Phocarctos hookeri"
"potos flavus","Potos flavus"
"prionailurus bengalensis","Prionailurus bengalensis"
"prionailurus planiceps","Prionailurus planiceps"
"prionailurus viverrinus","Prionailurus viverrinus"
"procyon cancrivorus","Procyon cancrivorus"
"procyon lotor","Procyon lotor"
"procyon pygmaeus","Procyon pygmaeus"
"proteles cristata","Proteles cristata"
"puma concolor","Puma concolor"
"puma yagouaroundi","Herpailurus yagouaroundi"
"pusa caspica","Pusa caspica"
"pusa hispida","Pusa hispida"
"pusa sibirica","Pusa sibirica"
"speothos venaticus","Speothos venaticus"
"spilogale gracilis","Spilogale gracilis"
"spilogale putorius","Spilogale putorius"
"suricata suricatta","Suricata suricatta"
"taxidea taxus","Taxidea taxus"
"tremarctos ornatus","Tremarctos ornatus"
"urocyon cinereoargenteus","Urocyon cinereoargenteus"
"urocyon littoralis","Urocyon littoralis"
"ursus americanus","Ursus americanus"
"ursus arctos","Ursus arctos"
"ursus maritimus","Ursus maritimus"
"ursus thibetanus","Ursus thibetanus"
"urva javanica","Herpestes javanicus"
"viverricula indica","Viverricula indica"
"vulpes chama","Vulpes chama"
"vulpes corsac","Vulpes corsac"
"vulpes lagopus","Vulpes lagopus"
"vulpes macrotis","Vulpes macrotis"
"vulpes velox","Vulpes velox"
"vulpes vulpes","Vulpes vulpes"
"vulpes zerda","Vulpes zerda"
"zalophus californianus","Zalophus californianus"
"zalophus wollebaeki","Zalophus wollebaeki"
"aeorestes cinereus","Lasiurus cinereus"
"aeorestes egregius","Lasiurus egregius"
"anoura caudifer","Anoura caudifer"
"anoura geoffroyi","Anoura geoffroyi"
"antrozous pallidus","Antrozous pallidus"
"artibeus cinereus","Dermanura cinereus"
"artibeus fimbriatus","Artibeus fimbriatus"
"artibeus jamaicensis","Artibeus jamaicensis"
"artibeus lituratus","Artibeus lituratus"
"artibeus phaeotis","Dermanura phaeotis"
"artibeus planirostris","Artibeus planirostris"
"artibeus toltecus","Dermanura toltecus"
"barbastella barbastellus","Barbastella barbastellus"
"carollia brevicauda","Carollia brevicauda"
"carollia perspicillata","Carollia perspicillata"
"carollia subrufa","Carollia subrufa"
"chaerephon plicatus","Chaerephon plicatus"
"chaerephon pumilus","Chaerephon pumilus"
"chrotopterus auritus","Chrotopterus auritus"
"corynorhinus townsendii","Corynorhinus townsendii"
"cynomops abrasus","Cynomops abrasus"
"cynomops planirostris","Cynomops planirostris"
"cynopterus brachyotis","Cynopterus brachyotis"
"cynopterus sphinx","Cynopterus sphinx"
"dasypterus ega","Lasiurus xanthinus"
"dasypterus intermedius","Lasiurus intermedius"
"dasypterus xanthinus","Lasiurus xanthinus"
"desmodus rotundus","Desmodus rotundus"
"diaemus youngi","Diaemus youngi"
"diclidurus albus","Diclidurus albus"
"diphylla ecaudata","Diphylla ecaudata"
"dobsonia andersoni","Dobsonia anderseni"
"dobsonia moluccensis","Dobsonia moluccensis"
"eidolon dupreanum","Eidolon dupreanum"
"eidolon helvum","Eidolon helvum"
"eonycteris spelaea","Eonycteris spelaea"
"epomophorus gambianus","Epomophorus gambianus"
"epomophorus labiatus","Epomophorus labiatus"
"epomophorus wahlbergi","Epomophorus wahlbergi"
"epomops buettikoferi","Epomops buettikoferi"
"epomops dobsonii","Epomops dobsonii"
"epomops franqueti","Epomops franqueti"
"eptesicus brasiliensis","Eptesicus brasiliensis"
"eptesicus diminutus","Eptesicus diminutus"
"eptesicus furinalis","Eptesicus furinalis"
"eptesicus fuscus","Eptesicus fuscus"
"eptesicus serotinus","Eptesicus serotinus"
"euderma maculatum","Euderma maculatum"
"eumops auripendulus","Eumops auripendulus"
"eumops bonariensis","Eumops bonariensis"
"eumops glaucinus","Eumops glaucinus"
"eumops patagonicus","Eumops patagonicus"
"eumops perotis","Eumops perotis"
"gardnerycteris crenulatum","Mimon crenulatum"
"glauconycteris argentata","Glauconycteris argentata"
"glossophaga commissarisi","Glossophaga commissarisi"
"glossophaga longirostris","Glossophaga longirostris"
"glossophaga morenoi","Glossophaga morenoi"
"glossophaga soricina","Glossophaga soricina"
"hipposideros abae","Hipposideros abae"
"hipposideros armiger","Hipposideros armiger"
"hipposideros bicolor","Hipposideros bicolor"
"hipposideros caffer","Hipposideros caffer"
"hipposideros cineraceus","Hipposideros cineraceus"
"hipposideros crumeniferus","Hipposideros crumeniferus"
"hipposideros diadema","Hipposideros diadema"
"hipposideros lankadiva","Hipposideros lankadiva"
"hipposideros larvatus","Hipposideros larvatus"
"hipposideros pomona","Hipposideros pomona"
"hipposideros ruber","Hipposideros ruber"
"hipposideros speoris","Hipposideros speoris"
"histiotus macrotus","Histiotus macrotus"
"histiotus montanus","Histiotus montanus"
"histiotus velatus","Histiotus velatus"
"hypsignathus monstrosus","Hypsignathus monstrosus"
"hypsugo savii","Pipistrellus savii"
"ia io","Ia io"
"lasionycteris noctivagans","Lasionycteris noctivagans"
"lasiurus blossevillii","Lasiurus blossevillii"
"lasiurus borealis","Lasiurus borealis"
"lasiurus seminolus","Lasiurus seminolus"
"leptonycteris curasoae","Leptonycteris curasoae"
"leptonycteris nivalis","Leptonycteris nivalis"
"lissonycteris angolensis","Myonycteris angolensis"
"lonchophylla robusta","Lonchophylla robusta"
"lonchorhina aurita","Lonchorhina aurita"
"lophostoma brasiliense","Lophostoma brasiliense"
"lophostoma silvicolum","Lophostoma silvicolum"
"macroglossus minimus","Macroglossus minimus"
"macronycteris commersoni","Hipposideros commersoni"
"macrotus californicus","Macrotus californicus"
"megaderma lyra","Megaderma lyra"
"micronycteris megalotis","Micronycteris megalotis"
"micropteropus pusillus","Micropteropus pusillus"
"miniopterus fuliginosus","Miniopterus fuliginosus"
"miniopterus inflatus","Miniopterus inflatus"
"miniopterus magnater","Miniopterus magnater"
"miniopterus pusillus","Miniopterus pusillus"
"miniopterus schreibersii","Miniopterus schreibersii"
"molossops neglectus","Molossops neglectus"
"molossus molossus","Molossus molossus"
"molossus rufus","Molossus rufus"
"mops condylurus","Mops condylurus"
"mormoops megalophylla","Mormoops megalophylla"
"murina aurata","Murina aurata"
"murina leucogaster","Murina leucogaster"
"myonycteris torquata","Myonycteris torquata"
"myotis albescens","Myotis albescens"
"myotis austroriparius","Myotis austroriparius"
"myotis bechsteinii","Myotis bechsteinii"
"myotis blythii","Myotis blythii"
"myotis californicus","Myotis californicus"
"myotis capaccinii","Myotis capaccinii"
"myotis chiloensis","Myotis chiloensis"
"myotis chinensis","Myotis chinensis"
"myotis dasycneme","Myotis dasycneme"
"myotis daubentonii","Myotis daubentonii"
"myotis evotis","Myotis evotis"
"myotis grisescens","Myotis grisescens"
"myotis horsfieldii","Myotis horsfieldii"
"myotis keenii","Myotis keenii"
"myotis leibii","Myotis leibii"
"myotis levis","Myotis levis"
"myotis lucifugus","Myotis lucifugus"
"myotis macrodactylus","Myotis macrodactylus"
"myotis myotis","Myotis myotis"
"myotis mystacinus","Myotis mystacinus"
"myotis nattereri","Myotis nattereri"
"myotis nigricans","Myotis nigricans"
"myotis ricketti","Myotis pilosus"
"myotis riparius","Myotis riparius"
"myotis septentrionalis","Myotis septentrionalis"
"myotis thysanodes","Myotis thysanodes"
"myotis velifer","Myotis velifer"
"myotis volans","Myotis volans"
"myotis yumanensis","Myotis yumanensis"
"natalus stramineus","Natalus stramineus"
"natalus tumidirostris","Natalus tumidirostris"
"nyctalus noctula","Nyctalus noctula"
"nycteris gambiensis","Nycteris gambiensis"
"nycteris nana","Nycteris nana"
"nycteris thebaica","Nycteris thebaica"
"nycticeius humeralis","Nycticeius humeralis"
"nyctinomops laticaudatus","Nyctinomops laticaudatus"
"nyctinomops macrotis","Nyctinomops macrotis"
"otomops martiensseni","Otomops martiensseni"
"parastrellus hesperus","Parastrellus hesperus"
"perimyotis subflavus","Pipistrellus subflavus"
"philetor brachypterus","Philetor brachypterus"
"phyllostomus discolor","Phyllostomus discolor"
"phyllostomus hastatus","Phyllostomus hastatus"
"pipistrellus abramus","Pipistrellus abramus"
"pipistrellus ceylonicus","Pipistrellus ceylonicus"
"pipistrellus hesperidus","Pipistrellus hesperidus"
"pipistrellus kuhlii","Pipistrellus kuhlii"
"pipistrellus nathusii","Pipistrellus nathusii"
"pipistrellus pipistrellus","Pipistrellus pipistrellus"
"platyrrhinus helleri","Platyrrhinus helleri"
"platyrrhinus lineatus","Platyrrhinus lineatus"
"plecotus auritus","Plecotus auritus"
"plecotus austriacus","Plecotus austriacus"
"pteronotus davyi","Pteronotus davyi"
"pteronotus parnellii","Pteronotus parnellii"
"pteropus admiralitatum","Pteropus admiralitatum"
"pteropus alecto","Pteropus alecto"
"pteropus capistratus","Pteropus capistratus"
"pteropus conspicillatus","Pteropus conspicillatus"
"pteropus dasymallus","Pteropus dasymallus"
"pteropus giganteus","Pteropus giganteus"
"pteropus hypomelanus","Pteropus hypomelanus"
"pteropus lylei","Pteropus lylei"
"pteropus neohibernicus","Pteropus neohibernicus"
"pteropus poliocephalus","Pteropus poliocephalus"
"pteropus pumilus","Pteropus pumilus"
"pteropus rodricensis","Pteropus rodricensis"
"pteropus rufus","Pteropus rufus"
"pteropus scapulatus","Pteropus scapulatus"
"pteropus vampyrus","Pteropus vampyrus"
"rhinolophus affinis","Rhinolophus affinis"
"rhinolophus alcyone","Rhinolophus alcyone"
"rhinolophus blasii","Rhinolophus blasii"
"rhinolophus cornutus","Rhinolophus pusillus"
"rhinolophus eloquens","Rhinolophus eloquens"
"rhinolophus euryale","Rhinolophus euryale"
"rhinolophus ferrumequinum","Rhinolophus ferrumequinum"
"rhinolophus hildebrandti","Rhinolophus hildebrandtii"
"rhinolophus hipposideros","Rhinolophus hipposideros"
"rhinolophus lepidus","Rhinolophus lepidus"
"rhinolophus macrotis","Rhinolophus macrotis"
"rhinolophus mehelyi","Rhinolophus mehelyi"
"rhinolophus pearsonii","Rhinolophus pearsonii"
"rhinolophus pusillus","Rhinolophus pusillus"
"rhinolophus rouxii","Rhinolophus rouxii"
"rhinolophus sinicus","Rhinolophus sinicus"
"rhinophylla pumilio","Rhinophylla pumilio"
"rhogeessa parvula","Rhogeessa parvula"
"rhynchonycteris naso","Rhynchonycteris naso"
"rousettus aegyptiacus","Rousettus aegyptiacus"
"rousettus amplexicaudatus","Rousettus amplexicaudatus"
"rousettus leschenaultii","Rousettus leschenaultii"
"rousettus madagascariensis","Rousettus madagascariensis"
"saccolaimus flaviventris","Saccolaimus flaviventris"
"saccolaimus saccolaimus","Saccolaimus saccolaimus"
"scotophilus kuhlii","Scotophilus kuhlii"
"scotophilus nigrita","Scotophilus nigrita"
"sturnira lilium","Sturnira lilium"
"sturnira ludovici","Sturnira ludovici"
"sturnira tildae","Sturnira tildae"
"syconycteris australis","Syconycteris australis"
"tadarida brasiliensis","Tadarida brasiliensis"
"tadarida teniotis","Tadarida teniotis"
"taphozous melanopogon","Taphozous melanopogon"
"taphozous perforatus","Taphozous perforatus"
"taphozous theobaldi","Taphozous theobaldi"
"tonatia bidens","Tonatia bidens"
"trachops cirrhosus","Trachops cirrhosus"
"tylonycteris pachypus","Tylonycteris pachypus"
"uroderma bilobatum","Uroderma bilobatum"
"vampyrodes caraccioli","Vampyrodes caraccioli"
"vespadelus pumilus","Vespadelus pumilus"
"vespertilio murinus","Vespertilio murinus"
"vespertilio sinensis","Vespertilio sinensis"
"cabassous centralis","Cabassous centralis"
"chaetophractus vellerosus","Chaetophractus vellerosus"
"dasypus novemcinctus","Dasypus novemcinctus"
"tolypeutes matacus","Tolypeutes matacus"
"dasycercus cristicauda","Dasycercus cristicauda"
"sarcophilus harrisii","Sarcophilus harrisii"
"caluromys derbianus","Caluromys derbianus"
"caluromys philander","Caluromys philander"
"chironectes minimus","Chironectes minimus"
"didelphis marsupialis","Didelphis marsupialis"
"didelphis virginiana","Didelphis virginiana"
"marmosa demerarae","Marmosa demerarae"
"marmosa murina","Marmosa murina"
"marmosa robinsoni","Marmosa robinsoni"
"marmosops parvidens","Marmosops parvidens"
"metachirus nudicaudatus","Metachirus nudicaudatus"
"monodelphis domestica","Monodelphis domestica"
"philander opossum","Philander opossum"
"bettongia gaimardi","Bettongia gaimardi"
"bettongia penicillata","Bettongia penicillata"
"dendrolagus goodfellowi","Dendrolagus goodfellowi"
"dorcopsis muelleri","Dorcopsis muelleri"
"dorcopsis veterum","Dorcopsis muelleri"
"lagorchestes conspicillatus","Lagorchestes conspicillatus"
"macropus fuliginosus","Macropus fuliginosus"
"macropus giganteus","Macropus giganteus"
"notamacropus agilis","Macropus agilis"
"notamacropus dorsalis","Macropus dorsalis"
"notamacropus eugenii","Macropus eugenii"
"notamacropus parma","Macropus parma"
"notamacropus parryi","Macropus parryi"
"notamacropus rufogriseus","Macropus rufogriseus"
"onychogalea unguifera","Onychogalea unguifera"
"osphranter robustus","Macropus robustus"
"osphranter rufus","Macropus rufus"
"petaurus breviceps","Petaurus breviceps"
"phascolarctos cinereus","Phascolarctos cinereus"
"potorous tridactylus","Potorous tridactylus"
"pseudocheirus peregrinus","Pseudocheirus peregrinus"
"setonix brachyurus","Setonix brachyurus"
"thylogale billardierii","Thylogale billardierii"
"trichosurus vulpecula","Trichosurus vulpecula"
"vombatus ursinus","Vombatus ursinus"
"wallabia bicolor","Wallabia bicolor"
"atelerix albiventris","Atelerix albiventris"
"crocidura lasiura","Crocidura lasiura"
"crocidura leucodon","Crocidura leucodon"
"crocidura olivieri","Crocidura olivieri"
"crocidura russula","Crocidura russula"
"crocidura zaphiri","Crocidura zaphiri"
"erinaceus europaeus","Erinaceus europaeus"
"erinaceus roumanicus","Erinaceus roumanicus"
"hemiechinus auritus","Hemiechinus auritus"
"sorex araneus","Sorex araneus"
"sorex arcticus","Sorex arcticus"
"sorex minutus","Sorex minutus"
"suncus murinus","Suncus murinus"
"sylvisorex ollula","Sylvisorex ollula"
"talpa romana","Talpa romana"
"lepus americanus","Lepus americanus"
"lepus californicus","Lepus californicus"
"lepus capensis","Lepus capensis"
"lepus corsicanus","Lepus corsicanus"
"lepus europaeus","Lepus europaeus"
"lepus granatensis","Lepus granatensis"
"lepus saxatilis","Lepus saxatilis"
"lepus timidus","Lepus timidus"
"ochotona curzoniae","Ochotona curzoniae"
"oryctolagus cuniculus","Oryctolagus cuniculus"
"sylvilagus aquaticus","Sylvilagus aquaticus"
"sylvilagus audubonii","Sylvilagus audubonii"
"sylvilagus bachmani","Sylvilagus bachmani"
"sylvilagus brasiliensis","Sylvilagus brasiliensis"
"sylvilagus floridanus","Sylvilagus floridanus"
"sylvilagus nuttallii","Sylvilagus nuttallii"
"sylvilagus palustris","Sylvilagus palustris"
"tachyglossus aculeatus","Tachyglossus aculeatus"
"isoodon macrourus","Isoodon macrourus"
"isoodon obesulus","Isoodon obesulus"
"perameles gunnii","Perameles gunnii"
"perameles nasuta","Perameles nasuta"
"ceratotherium simum","Ceratotherium simum"
"diceros bicornis","Diceros bicornis"
"equus asinus","Equus africanus"
"equus burchellii","Equus quagga"
"equus caballus","Equus caballus"
"equus grevyi","Equus grevyi"
"equus hemionus","Equus hemionus"
"equus kiang","Equus kiang"
"equus przewalskii","Equus ferus"
"equus zebra","Equus zebra"
"rhinoceros unicornis","Rhinoceros unicornis"
"tapirus terrestris","Tapirus terrestris"
"bradypus tridactylus","Bradypus tridactylus"
"bradypus variegatus","Bradypus variegatus"
"choloepus didactylus","Choloepus didactylus"
"choloepus hoffmanni","Choloepus hoffmanni"
"cyclopes didactylus","Cyclopes didactylus"
"myrmecophaga tridactyla","Myrmecophaga tridactyla"
"tamandua tetradactyla","Tamandua tetradactyla"
"allenopithecus nigroviridis","Allenopithecus nigroviridis"
"allochrocebus lhoesti","Cercopithecus lhoesti"
"allochrocebus solatus","Cercopithecus solatus"
"alouatta belzebul","Alouatta belzebul"
"alouatta caraya","Alouatta caraya"
"alouatta guariba","Alouatta guariba"
"alouatta palliata","Alouatta palliata"
"alouatta pigra","Alouatta pigra"
"alouatta seniculus","Alouatta seniculus"
"aotus azarai","Aotus azarae"
"aotus trivirgatus","Aotus trivirgatus"
"ateles fusciceps","Ateles fusciceps"
"ateles geoffroyi","Ateles geoffroyi"
"ateles paniscus","Ateles paniscus"
"brachyteles arachnoides","Brachyteles arachnoides"
"cacajao calvus","Cacajao calvus"
"cacajao melanocephalus","Cacajao melanocephalus"
"callimico goeldii","Callimico goeldii"
"callithrix geoffroyi","Callithrix geoffroyi"
"callithrix jacchus","Callithrix jacchus"
"callithrix penicillata","Callithrix penicillata"
"cebuella pygmaea","Cebuella pygmaea"
"cebus capucinus","Cebus capucinus"
"cebus olivaceus","Cebus olivaceus"
"cercocebus agilis","Cercocebus agilis"
"cercocebus atys","Cercocebus atys"
"cercocebus chrysogaster","Cercocebus chrysogaster"
"cercocebus galeritus","Cercocebus galeritus"
"cercocebus torquatus","Cercocebus torquatus"
"cercopithecus albogularis","Cercopithecus mitis"
"cercopithecus ascanius","Cercopithecus ascanius"
"cercopithecus campbelli","Cercopithecus campbelli"
"cercopithecus cephus","Cercopithecus cephus"
"cercopithecus denti","Cercopithecus pogonias"
"cercopithecus diana","Cercopithecus diana"
"cercopithecus erythrotis","Cercopithecus erythrotis"
"cercopithecus hamlyni","Cercopithecus hamlyni"
"cercopithecus mitis","Cercopithecus mitis"
"cercopithecus mona","Cercopithecus mona"
"cercopithecus neglectus","Cercopithecus neglectus"
"cercopithecus nictitans","Cercopithecus nictitans"
"cercopithecus petaurista","Cercopithecus petaurista"
"cercopithecus pogonias","Cercopithecus pogonias"
"cercopithecus wolfi","Cercopithecus pogonias"
"chlorocebus aethiops","Chlorocebus aethiops"
"chlorocebus pygerythrus","Chlorocebus pygerythrus"
"chlorocebus sabaeus","Chlorocebus sabaeus"
"chlorocebus tantalus","Chlorocebus tantalus"
"colobus guereza","Colobus guereza"
"colobus polykomos","Colobus polykomos"
"erythrocebus patas","Erythrocebus patas"
"eulemur albifrons","Eulemur albifrons"
"eulemur fulvus","Eulemur fulvus"
"eulemur macaco","Eulemur macaco"
"euoticus elegantulus","Euoticus elegantulus"
"galago senegalensis","Galago senegalensis"
"galagoides demidoff","Galagoides demidovii"
"gorilla beringei","Gorilla beringei"
"gorilla gorilla","Gorilla gorilla"
"homo sapiens","Homo sapiens"
"hoolock hoolock","Hoolock hoolock"
"hylobates agilis","Hylobates agilis"
"hylobates lar","Hylobates lar"
"hylobates moloch","Hylobates moloch"
"hylobates muelleri","Hylobates muelleri"
"hylobates pileatus","Hylobates pileatus"
"lagothrix lagotricha","Lagothrix lagotricha"
"lemur catta","Lemur catta"
"leontocebus fuscicollis","Leontocebus fuscicollis"
"leontocebus nigricollis","Leontocebus nigricollis"
"leontopithecus chrysomelas","Leontopithecus chrysomelas"
"leontopithecus rosalia","Leontopithecus rosalia"
"lepilemur edwardsi","Lepilemur edwardsi"
"lepilemur mustelinus","Lepilemur mustelinus"
"lophocebus albigena","Lophocebus albigena"
"lophocebus aterrimus","Lophocebus aterrimus"
"macaca arctoides","Macaca arctoides"
"macaca balantak","Macaca tonkeana"
"macaca cyclopis","Macaca cyclopis"
"macaca fascicularis","Macaca fascicularis"
"macaca fuscata","Macaca fuscata"
"macaca maura","Macaca maura"
"macaca mulatta","Macaca mulatta"
"macaca nemestrina","Macaca nemestrina"
"macaca nigra","Macaca nigra"
"macaca nigrescens","Macaca nigrescens"
"macaca ochreata","Macaca ochreata"
"macaca radiata","Macaca radiata"
"macaca silenus","Macaca silenus"
"macaca sinica","Macaca sinica"
"macaca sylvanus","Macaca sylvanus"
"macaca thibetana","Macaca thibetana"
"macaca tonkeana","Macaca tonkeana"
"mandrillus leucophaeus","Mandrillus leucophaeus"
"mandrillus sphinx","Mandrillus sphinx"
"mico argentatus","Mico argentatus"
"mico humeralifer","Mico humeralifer"
"mico leucippe","Mico leucippe"
"miopithecus ogouensis","Miopithecus ogouensis"
"miopithecus talapoin","Miopithecus talapoin"
"nomascus concolor","Nomascus concolor"
"nomascus gabriellae","Nomascus gabriellae"
"nomascus leucogenys","Nomascus leucogenys"
"nycticebus coucang","Nycticebus coucang"
"otolemur crassicaudatus","Otolemur crassicaudatus"
"pan paniscus","Pan paniscus"
"pan troglodytes","Pan troglodytes"
"papio anubis","Papio anubis"
"papio cynocephalus","Papio cynocephalus"
"papio hamadryas","Papio hamadryas"
"papio papio","Papio papio"
"papio ursinus","Papio ursinus"
"perodicticus potto","Perodicticus potto"
"piliocolobus badius","Procolobus badius"
"piliocolobus rufomitratus","Procolobus rufomitratus"
"piliocolobus semlikiensis","Procolobus badius"
"piliocolobus tephrosceles","Procolobus rufomitratus"
"pithecia monachus","Pithecia monachus"
"pithecia pithecia","Pithecia pithecia"
"pongo abelii","Pongo abelii"
"pongo pygmaeus","Pongo pygmaeus"
"presbytis melalophos","Presbytis melalophos"
"procolobus verus","Procolobus verus"
"propithecus coquereli","Propithecus coquereli"
"propithecus verreauxi","Propithecus verreauxi"
"pygathrix nemaeus","Pygathrix nemaeus"
"rhinopithecus roxellana","Rhinopithecus roxellana"
"saguinus geoffroyi","Saguinus geoffroyi"
"saguinus imperator","Saguinus imperator"
"saguinus labiatus","Saguinus labiatus"
"saguinus midas","Saguinus midas"
"saguinus mystax","Saguinus mystax"
"saguinus oedipus","Saguinus oedipus"
"saimiri oerstedii","Saimiri oerstedii"
"saimiri sciureus","Saimiri sciureus"
"saimiri ustus","Saimiri ustus"
"sapajus apella","Sapajus apella"
"sapajus cay","Sapajus cay"
"sapajus flavius","Sapajus flavius"
"sapajus nigritus","Sapajus nigritus"
"sapajus xanthosternos","Sapajus xanthosternos"
"semnopithecus entellus","Semnopithecus entellus"
"semnopithecus schistaceus","Semnopithecus schistaceus"
"symphalangus syndactylus","Symphalangus syndactylus"
"theropithecus gelada","Theropithecus gelada"
"trachypithecus cristatus","Trachypithecus cristatus"
"trachypithecus francoisi","Trachypithecus francoisi"
"trachypithecus obscurus","Trachypithecus obscurus"
"trachypithecus phayrei","Trachypithecus phayrei"
"trachypithecus pileatus","Trachypithecus pileatus"
"varecia variegata","Varecia variegata"
"elephas maximus","Elephas maximus"
"loxodonta africana","Loxodonta africana"
"abrothrix longipilis","Abrothrix longipilis"
"abrothrix olivaceus","Abrothrix olivaceus"
"abrothrix sanborni","Abrothrix sanborni"
"acomys cahirinus","Acomys cahirinus"
"acomys dimidiatus","Acomys dimidiatus"
"aethomys kaiseri","Aethomys kaiseri"
"akodon azarae","Akodon azarae"
"akodon cursor","Akodon cursor"
"akodon montensis","Akodon montensis"
"akodon paranaensis","Akodon paranaensis"
"akodon simulator","Akodon simulator"
"akodon varius","Akodon varius"
"alticola argentatus","Alticola argentatus"
"ammospermophilus nelsoni","Ammospermophilus nelsoni"
"apodemus agrarius","Apodemus agrarius"
"apodemus argenteus","Apodemus argenteus"
"apodemus flavicollis","Apodemus flavicollis"
"apodemus mystacinus","Apodemus mystacinus"
"apodemus pallipes","Apodemus pallipes"
"apodemus peninsulae","Apodemus peninsulae"
"apodemus ponticus","Apodemus ponticus"
"apodemus speciosus","Apodemus speciosus"
"apodemus sylvaticus","Apodemus sylvaticus"
"apodemus uralensis","Apodemus uralensis"
"arvicanthis neumanni","Arvicanthis neumanni"
"arvicanthis niloticus","Arvicanthis niloticus"
"arvicola amphibius","Arvicola amphibius"
"arvicola scherman","Arvicola scherman"
"atherurus africanus","Atherurus africanus"
"baiomys taylori","Baiomys taylori"
"bandicota bengalensis","Bandicota bengalensis"
"bandicota indica","Bandicota indica"
"bandicota savilei","Bandicota savilei"
"bibimys chacoensis","Bibimys chacoensis"
"bolomys amoenus","Necromys amoenus"
"callospermophilus lateralis","Callospermophilus lateralis"
"calomys callidus","Calomys callidus"
"calomys callosus","Calomys callosus"
"calomys laucha","Calomys laucha"
"calomys musculinus","Calomys musculinus"
"calomys tener","Calomys tener"
"castor canadensis","Castor canadensis"
"castor fiber","Castor fiber"
"cavia porcellus","Cavia porcellus"
"chaetodipus hispidus","Chaetodipus hispidus"
"chaetodipus spinatus","Chaetodipus spinatus"
"chinchilla lanigera","Chinchilla lanigera"
"chionomys roberti","Chionomys roberti"
"coendou melanurus","Coendou melanurus"
"coendou mexicanus","Coendou mexicanus"
"coendou prehensilis","Coendou prehensilis"
"coendou rothschildi","Coendou quichua"
"cricetomys emini","Cricetomys emini"
"cricetomys gambianus","Cricetomys gambianus"
"cricetulus barabensis","Cricetulus barabensis"
"cricetus cricetus","Cricetus cricetus"
"ctenodactylus gundi","Ctenodactylus gundi"
"cuniculus paca","Cuniculus paca"
"cynomys ludovicianus","Cynomys ludovicianus"
"dasymys incomtus","Dasymys incomtus"
"dasyprocta fuliginosa","Dasyprocta fuliginosa"
"dasyprocta leporina","Dasyprocta leporina"
"dasyprocta punctata","Dasyprocta punctata"
"desmodillus auricularis","Desmodillus auricularis"
"dicrostonyx groenlandicus","Dicrostonyx groenlandicus"
"diplomys labilis","Diplomys labilis"
"dipodillus dasyurus","Gerbillus dasyurus"
"dipodomys heermanni","Dipodomys heermanni"
"dipodomys merriami","Dipodomys merriami"
"dipodomys microps","Dipodomys microps"
"dipodomys nitratoides","Dipodomys nitratoides"
"dipodomys ordii","Dipodomys ordii"
"eliomys munbyanus","Eliomys munbyanus"
"erethizon dorsatum","Erethizon dorsatum"
"euryzygomatomys spinosus","Euryzygomatomys spinosus"
"funambulus pennantii","Funambulus pennantii"
"funambulus tristriatus","Funambulus tristriatus"
"funisciurus anerythrus","Funisciurus anerythrus"
"funisciurus congicus","Funisciurus congicus"
"funisciurus lemniscatus","Funisciurus lemniscatus"
"geomys bursarius","Geomys bursarius"
"gerbilliscus brantsii","Gerbilliscus brantsii"
"gerbilliscus kempi","Gerbilliscus kempi"
"gerbilliscus leucogaster","Gerbilliscus leucogaster"
"gerbilliscus validus","Gerbilliscus validus"
"gerbillus gerbillus","Gerbillus gerbillus"
"gerbillus pyramidum","Gerbillus pyramidum"
"glaucomys volans","Glaucomys volans"
"glis glis","Glis glis"
"golunda ellioti","Golunda ellioti"
"graomys griseoflavus","Graomys griseoflavus"
"handleyomys alfaroi","Handleyomys alfaroi"
"handleyomys fuscatus","Handleyomys fuscatus"
"heliosciurus gambianus","Heliosciurus gambianus"
"heliosciurus rufobrachium","Heliosciurus rufobrachium"
"heteromys anomalus","Heteromys anomalus"
"holochilus sciureus","Holochilus sciureus"
"hoplomys gymnurus","Hoplomys gymnurus"
"hydrochoerus hydrochaeris","Hydrochoerus hydrochaeris"
"hydromys chrysogaster","Hydromys chrysogaster"
"hylaeamys laticeps","Hylaeamys laticeps"
"hylaeamys megacephalus","Hylaeamys megacephalus"
"hylomyscus alleni","Hylomyscus alleni"
"hystrix africaeaustralis","Hystrix africaeaustralis"
"ictidomys tridecemlineatus","Ictidomys tridecemlineatus"
"lagurus lagurus","Lagurus lagurus"
"lasiopodomys gregalis","Microtus gregalis"
"lemmus lemmus","Lemmus lemmus"
"lemmus sibiricus","Lemmus sibiricus"
"lemniscomys rosalia","Lemniscomys rosalia"
"lemniscomys striatus","Lemniscomys striatus"
"liomys adspersus","Liomys adspersus"
"liomys salvini","Liomys salvini"
"lophuromys flavopunctatus","Lophuromys flavopunctatus"
"lophuromys sikapusi","Lophuromys sikapusi"
"loxodontomys micropus","Loxodontomys micropus"
"madromys blanfordi","Madromys blanfordi"
"marmota caudata","Marmota caudata"
"marmota flaviventris","Marmota flaviventris"
"marmota monax","Marmota monax"
"mastomys coucha","Mastomys coucha"
"mastomys erythroleucus","Mastomys erythroleucus"
"mastomys huberti","Mastomys huberti"
"mastomys natalensis","Mastomys natalensis"
"megadontomys nelsoni","Megadontomys nelsoni"
"melanomys caliginosus","Melanomys caliginosus"
"meriones crassus","Meriones crassus"
"meriones hurrianae","Meriones hurrianae"
"meriones libycus","Meriones libycus"
"meriones tamariscinus","Meriones tamariscinus"
"mesocricetus auratus","Mesocricetus auratus"
"mesomys hispidus","Mesomys hispidus"
"micaelamys namaquensis","Aethomys namaquensis"
"micromys minutus","Micromys minutus"
"microtus agrestis","Microtus agrestis"
"microtus arvalis","Microtus arvalis"
"microtus californicus","Microtus californicus"
"microtus fortis","Microtus fortis"
"microtus guentheri","Microtus guentheri"
"microtus ilaeus","Microtus ilaeus"
"microtus levis","Microtus levis"
"microtus maximowiczii","Microtus maximowiczii"
"microtus montanus","Microtus montanus"
"microtus ochrogaster","Microtus ochrogaster"
"microtus oeconomus","Microtus oeconomus"
"microtus pennsylvanicus","Microtus pennsylvanicus"
"microtus socialis","Microtus socialis"
"millardia meltada","Millardia meltada"
"mus booduga","Mus booduga"
"mus cervicolor","Mus cervicolor"
"mus mattheyi","Mus mattheyi"
"mus musculoides","Mus musculoides"
"mus musculus","Mus musculus"
"mus setulosus","Mus setulosus"
"mus spicilegus","Mus spicilegus"
"mus spretus","Mus spretus"
"myocastor coypus","Myocastor coypus"
"myodes gapperi","Myodes gapperi"
"myodes glareolus","Myodes glareolus"
"myodes regulus","Myodes regulus"
"myodes rufocanus","Myodes rufocanus"
"myodes rutilus","Myodes rutilus"
"myoprocta acouchy","Myoprocta acouchy"
"myotomys unisulcatus","Otomys unisulcatus"
"napaeozapus insignis","Napaeozapus insignis"
"neacomys guianae","Neacomys guianae"
"neacomys spinosus","Neacomys spinosus"
"necromys benefactus","Necromys benefactus"
"necromys lasiurus","Necromys lasiurus"
"necromys obscurus","Necromys obscurus"
"nectomys squamipes","Nectomys squamipes"
"neotoma albigula","Neotoma albigula"
"neotoma cinerea","Neotoma cinerea"
"neotoma floridana","Neotoma floridana"
"neotoma fuscipes","Neotoma fuscipes"
"neotoma lepida","Neotoma lepida"
"neotoma leucodon","Neotoma leucodon"
"neotoma macrotis","Neotoma macrotis"
"neotoma mexicana","Neotoma mexicana"
"neotoma micropus","Neotoma micropus"
"neotoma stephensi","Neotoma stephensi"
"nephelomys albigularis","Nephelomys albigularis"
"niviventer confucianus","Niviventer confucianus"
"oecomys bicolor","Oecomys bicolor"
"oecomys paricola","Oecomys paricola"
"oligoryzomys chacoensis","Oligoryzomys chacoensis"
"oligoryzomys flavescens","Oligoryzomys flavescens"
"oligoryzomys fornesi","Oligoryzomys fornesi"
"oligoryzomys fulvescens","Oligoryzomys fulvescens"
"oligoryzomys longicaudatus","Oligoryzomys longicaudatus"
"oligoryzomys microtis","Oligoryzomys microtis"
"oligoryzomys nigripes","Oligoryzomys nigripes"
"ondatra zibethicus","Ondatra zibethicus"
"onychomys leucogaster","Onychomys leucogaster"
"onychomys torridus","Onychomys torridus"
"oryzomys couesi","Oryzomys couesi"
"oryzomys palustris","Oryzomys palustris"
"otomys irroratus","Otomys irroratus"
"otomys tropicalis","Otomys tropicalis"
"otospermophilus beecheyi","Otospermophilus beecheyi"
"otospermophilus variegatus","Otospermophilus variegatus"
"oxymycterus nasutus","Oxymycterus nasutus"
"oxymycterus quaestor","Oxymycterus quaestor"
"oxymycterus rufus","Oxymycterus rufus"
"pedetes capensis","Pedetes capensis"
"pelomys isseli","Pelomys isseli"
"perognathus parvus","Perognathus parvus"
"peromyscus attwateri","Peromyscus attwateri"
"peromyscus beatae","Peromyscus beatae"
"peromyscus boylii","Peromyscus boylii"
"peromyscus californicus","Peromyscus californicus"
"peromyscus crinitus","Peromyscus crinitus"
"peromyscus difficilis","Peromyscus difficilis"
"peromyscus eremicus","Peromyscus eremicus"
"peromyscus gossypinus","Peromyscus gossypinus"
"peromyscus leucopus","Peromyscus leucopus"
"peromyscus maniculatus","Peromyscus maniculatus"
"peromyscus megalops","Peromyscus megalops"
"peromyscus melanophrys","Peromyscus melanophrys"
"peromyscus melanotis","Peromyscus melanotis"
"peromyscus mexicanus","Peromyscus mexicanus"
"peromyscus truei","Peromyscus truei"
"phyllotis darwini","Phyllotis darwini"
"praomys daltoni","Praomys daltoni"
"praomys jacksoni","Praomys jacksoni"
"praomys rostratus","Praomys rostratus"
"proechimys cuvieri","Proechimys cuvieri"
"proechimys guairae","Proechimys guairae"
"proechimys guyannensis","Proechimys guyannensis"
"proechimys longicaudatus","Proechimys longicaudatus"
"proechimys semispinosus","Proechimys semispinosus"
"pseudomys novaehollandiae","Pseudomys novaehollandiae"
"rattus exulans","Rattus exulans"
"rattus flavipectus","Rattus tanezumi"
"rattus fuscipes","Rattus fuscipes"
"rattus losea","Rattus losea"
"rattus lutreolus","Rattus lutreolus"
"rattus nitidus","Rattus nitidus"
"rattus norvegicus","Rattus norvegicus"
"rattus pyctoris","Rattus pyctoris"
"rattus rattus","Rattus rattus"
"rattus sordidus","Rattus sordidus"
"rattus tanezumi","Rattus tanezumi"
"rattus tiomanicus","Rattus tiomanicus"
"reithrodontomys creper","Reithrodontomys creper"
"reithrodontomys fulvescens","Reithrodontomys fulvescens"
"reithrodontomys megalotis","Reithrodontomys megalotis"
"reithrodontomys mexicanus","Reithrodontomys mexicanus"
"reithrodontomys sumichrasti","Reithrodontomys sumichrasti"
"rhabdomys pumilio","Rhabdomys pumilio"
"rhombomys opimus","Rhombomys opimus"
"sciurus carolinensis","Sciurus carolinensis"
"sciurus granatensis","Sciurus granatensis"
"sciurus griseus","Sciurus griseus"
"sciurus niger","Sciurus niger"
"sciurus variegatoides","Sciurus variegatoides"
"sciurus vulgaris","Sciurus vulgaris"
"sekeetamys calurus","Sekeetamys calurus"
"sigmodon alstoni","Sigmodon alstoni"
"sigmodon hispidus","Sigmodon hispidus"
"sigmodon toltecus","Sigmodon toltecus"
"sooretamys angouya","Sooretamys angouya"
"spermophilus citellus","Spermophilus citellus"
"spermophilus fulvus","Spermophilus fulvus"
"stenocephalemys albipes","Stenocephalemys albipes"
"tamias amoenus","Tamias amoenus"
"tamias minimus","Tamias minimus"
"tamias quadrivittatus","Tamias quadrivittatus"
"tamias sibiricus","Tamias sibiricus"
"tamias striatus","Tamias striatus"
"tamias umbrinus","Tamias umbrinus"
"tamiasciurus hudsonicus","Tamiasciurus hudsonicus"
"tatera indica","Tatera indica"
"terricola subterraneus","Microtus subterraneus"
"thallomys nigricauda","Thallomys nigricauda"
"thaptomys nigrita","Thaptomys nigrita"
"thomomys talpoides","Thomomys talpoides"
"thryonomys swinderianus","Thryonomys swinderianus"
"transandinomys bolivaris","Transandinomys bolivaris"
"trinomys iheringi","Trinomys iheringi"
"tscherskia triton","Tscherskia triton"
"tylomys nudicaudus","Tylomys nudicaudus"
"urocitellus columbianus","Urocitellus columbianus"
"urocitellus parryii","Urocitellus parryii"
"urocitellus richardsonii","Urocitellus richardsonii"
"urocitellus undulatus","Urocitellus undulatus"
"vandeleuria oleracea","Vandeleuria oleracea"
"xerus erythropus","Xerus erythropus"
"xerus inauris","Xerus inauris"
"zapus hudsonius","Zapus hudsonius"
"zygodontomys brevicauda","Zygodontomys brevicauda"
"tupaia belangeri","Tupaia belangeri"
"tupaia chinensis","Tupaia belangeri"
"tupaia glis","Tupaia glis"
"trichechus manatus","Trichechus manatus"
